"2025-09-23 15:18:36","systemd_status","OK"
"2025-09-23 15:18:36","mysql_ping","OK"
"2025-09-23 15:18:36","mysql_query","ERROR"
"23-09-2025 15:19:41","systemd_status","OK"
"23-09-2025 15:19:41","mysql_ping","OK"
"23-09-2025 15:19:41","mysql_query","ERROR"
"23-09-2025 15:24:07","systemd_status","OK"
"23-09-2025 15:24:07","mysql_ping","OK"
"23-09-2025 15:24:07","mysql_query","ERROR"
"23-09-2025 15:28:34","systemd_status","OK"
"23-09-2025 15:28:34","mysql_ping","OK"
"23-09-2025 15:28:34","mysql_query","ERROR"
"23-09-2025 15:28:40","systemd_status","OK"
"23-09-2025 15:28:40","mysql_ping","OK"
"23-09-2025 15:28:40","mysql_query","ERROR"
"23-09-2025 15:30:35","systemd_status","OK"
"23-09-2025 15:30:35","mysql_ping","OK"
"23-09-2025 15:30:35","mysql_query","ERROR"
